Date,Day,Time,Event,Category,Venue,Area,Price,Ticket URL(s),Source(s),Tags
2026-03-24,Tue,6:00 PM,"Creighton Baseball vs Omaha (UNO)",concerts,"Charles Schwab Field",Omaha,TBD,"https://www.ticketmaster.com/event/Za5ju3rKuqZDdUdA8MEickH1poJLoRu5sd",ticketmaster-api,"Live Music"
2026-03-24,Tue,6:00 PM,"Creighton Bluejays v Omaha Mavericks",sports,"Charles Schwab Field",Omaha,TBD,"https://www.ticketmaster.com/creighton-bluejays-v-omaha-mavericks-omaha-nebraska-03-24-2026/event/060064529C68D0D0",ticketmaster-api,"Event"
2026-03-24,Tue,8:00 PM,"YOUNG DUBLINERS - The Hot Toddy Tour",concerts,"Barnato",Omaha,$38.78–$74.54,"https://www.ticketweb.com/event/young-dubliners-the-barnato-tickets/14579413",ticketmaster-api,"Live Music"
2026-03-25,Wed,6:00 PM,"Creighton Baseball vs South Dakota State",concerts,"Charles Schwab Field",Omaha,TBD,"https://www.ticketmaster.com/event/Za5ju3rKuqZB-IcPE_by7PI0BnMP2YHHa",ticketmaster-api,"Live Music"
2026-03-25,Wed,6:00 PM,"Omaha Softball vs Creighton",concerts,"Connie Claussen Field",Omaha,TBD,"https://www.ticketmaster.com/event/Za5ju3rKuqZB2Zei6DJtZRnF2wPMcA007",ticketmaster-api,"Live Music"
2026-03-25,Wed,7:30 PM,"Six (Touring)",arts,"Orpheum Theater - Omaha",Omaha,TBD,"https://www.ticketmaster.com/event/Z7r9jZ1A74fe7",ticketmaster-api,"Event"
2026-03-25,Wed,TBD,"The Met: Live in HD: Tristan und Isolde (Wagner)",arts,"Film Streams",Omaha,TBD,"https://filmstreams.org/films",filmstreams,"Event"
2026-03-26,Thu,2:00 PM,"Six (Touring)",arts,"Orpheum Theater - Omaha",Omaha,TBD,"https://www.ticketmaster.com/event/Z7r9jZ1A74feA",ticketmaster-api,"Event"
2026-03-26,Thu,7:05 PM,"Omaha Lancers vs. Sioux Falls Stampede",sports,"Liberty First Credit Union Arena",Ralston,TBD,"https://www.ticketmaster.com/event/Z7r9jZ1A7_P4_",ticketmaster-api,"Event"
2026-03-26,Thu,8:00 PM,"The Happy Fits",concerts,"The Slowdown",Omaha,TBD,"https://www.ticketmaster.com/event/Z7r9jZ1A7OPC8",ticketmaster-api,"Live Music"
2026-03-26,Thu,8:00 PM,"LIVE @ LOW END | OMAR AHMAD",concerts,"Bemis Center",Omaha,TBD,"https://www.bemiscenter.org/events",bemis,"Live Music"
2026-03-26,Thu,7:30 PM,"Disaster! The Musical| Mar. 13 - Apr. 4, 2026",arts,"Omaha Community Playhouse",Omaha,Free,"https://ticketomaha.com/events/disaster-the-musical-r2l7",ticketomaha-api,"Event"
2026-03-26,Thu,7:30 PM,"SIX",arts,"Orpheum Theater",Omaha,$43,"https://ticketomaha.com/events/six-7jx8",ticketomaha-api,"Event"
2026-03-27,Fri,2:00 PM,"Omaha Tattoo Arts Convention",festivals,"CHI Health Center",Omaha,TBD,"https://www.ticketmaster.com/omaha-tattoo-arts-convention-omaha-nebraska-03-27-2026/event/0600643699EA9B85",ticketmaster-api,"Event"
2026-03-27,Fri,4:00 PM,"Omaha Softball vs UMKC",concerts,"Connie Claussen Field",Omaha,TBD,"https://www.ticketmaster.com/event/Za5ju3rKuqZDvsZnHep1s2zFSLugCjKEMq",ticketmaster-api,"Live Music"
2026-03-27,Fri,6:00 PM,"Creighton Baseball vs Sacramento State",concerts,"Charles Schwab Field",Omaha,TBD,"https://www.ticketmaster.com/event/Za5ju3rKuqZB-845C4V_uzb5HKVz8VAKD",ticketmaster-api,"Live Music"
2026-03-27,Fri,7:00 PM,"Omaha Kings & Queens Pro Indoor Soccer",sports,"Baxter Arena",Omaha,TBD,"https://www.ticketmaster.com/omaha-kings-queens-pro-indoor-soccer-omaha-nebraska-03-27-2026/event/06006371A9BBA88D",ticketmaster-api,"Soccer"
2026-03-27,Fri,7:00 PM,"Whitney Cummings: Big Baby",comedy,"The Astro",La Vista,Starting at $38.80,"https://www.ticketmaster.com/whitney-cummings-big-baby-la-vista-nebraska-03-27-2026/event/2000637299233228",ticketmaster-api,"Comedy"
2026-03-27,Fri,7:30 PM,"Six (Touring)",arts,"Orpheum Theater - Omaha",Omaha,TBD,"https://www.ticketmaster.com/event/Z7r9jZ1A74fe6",ticketmaster-api,"Event"
2026-03-27,Fri,7:30 PM,"HOT WHEELS SUITE",concerts,"Mid-America Center",Council Bluffs,TBD,"https://www.ticketmaster.com/event/Za5ju3rKuqZDeHJHRESu4FTnSfG2KzVJn2",ticketmaster-api,"Live Music"
2026-03-27,Fri,8:00 PM,"Clarence Tilton w/ Lightning Stills",concerts,"The Slowdown",Omaha,TBD,"https://www.ticketmaster.com/event/Z7r9jZ1A7OSov",ticketmaster-api,"Live Music"
2026-03-27,Fri,7:30 PM,"Disaster! The Musical| Mar. 13 - Apr. 4, 2026",arts,"Omaha Community Playhouse",Omaha,Free,"https://ticketomaha.com/events/disaster-the-musical-r2l7",ticketomaha-api,"Event"
2026-03-27,Fri,7:30 PM,"SIX",arts,"Orpheum Theater",Omaha,$43,"https://ticketomaha.com/events/six-7jx8",ticketomaha-api,"Event"
2026-03-27,Fri,4:00 PM - 10:00 PM,"Hoff Fourth Friday",arts,"Hoff Family Arts & Culture Center",Council Bluffs, IA,TBD,"https://www.paceartsiowa.org/events",paceevents,"Event"
2026-03-28,Sat,8:00 PM,"BINGO LOCO",concerts,"The Admiral",Omaha,$36,"https://admiralomaha.com/events/",admiral,"Live Music"
2026-03-28,Sat,11:00 AM,"Omaha Tattoo Arts Convention",festivals,"CHI Health Center",Omaha,TBD,"https://www.ticketmaster.com/omaha-tattoo-arts-convention-omaha-nebraska-03-28-2026/event/0600643699EE9B89",ticketmaster-api,"Event"
2026-03-28,Sat,12:30 PM,"HOT WHEELS SUITE",concerts,"Mid-America Center",Council Bluffs,TBD,"https://www.ticketmaster.com/event/Za5ju3rKuqZB1CXMy1zWvNyaeV5VVupkZ",ticketmaster-api,"Live Music"
2026-03-28,Sat,2:00 PM,"Six (Touring)",arts,"Orpheum Theater - Omaha",Omaha,TBD,"https://www.ticketmaster.com/event/Z7r9jZ1A74feF",ticketmaster-api,"Event"
2026-03-28,Sat,2:00 PM,"Creighton Baseball vs Sacramento State",concerts,"Charles Schwab Field",Omaha,TBD,"https://www.ticketmaster.com/event/Za5ju3rKuqZDehVMJfaW-dNBQQGjzyVrmn",ticketmaster-api,"Live Music"
2026-03-28,Sat,2:00 PM,"Omaha Softball vs UMKC",concerts,"Connie Claussen Field",Omaha,TBD,"https://www.ticketmaster.com/event/Za5ju3rKuqZDdDBaJ5vs-a5aQMkOh7FLdH",ticketmaster-api,"Live Music"
2026-03-28,Sat,5:00 PM,"LOVB VOLLEYBALL 2026",concerts,"Baxter Arena",Omaha,TBD,"https://www.ticketmaster.com/event/Za5ju3rKuqZBSEx-oGA4aNzdvAHOT-mWc",ticketmaster-api,"Live Music"
2026-03-28,Sat,1:00 PM,"OPEN HOUSE / OPEN STUDIOS",arts,"Bemis Center",Omaha,Free,"https://www.bemiscenter.org/events",bemis,"Event"
2026-03-28,Sat,3:00 PM,"VOLUMES PERFORMANCE WITH PHILL SMITH",arts,"Bemis Center",Omaha,Free,"https://www.bemiscenter.org/events",bemis,"Event"
2026-03-28,Sat,7:30 PM,"Clara Schumann and Brahms | Mar. 27 - 28, 2026",arts,"Holland Center",Omaha,$26,"https://ticketomaha.com/events/clara-schumann-and-brahms-q9t1",ticketomaha-api,"Event"
2026-03-28,Sat,7:30 PM,"Disaster! The Musical| Mar. 13 - Apr. 4, 2026",arts,"Omaha Community Playhouse",Omaha,Free,"https://ticketomaha.com/events/disaster-the-musical-r2l7",ticketomaha-api,"Event"
2026-03-28,Sat,7:30 PM,"SIX",arts,"Orpheum Theater",Omaha,$43,"https://ticketomaha.com/events/six-7jx8",ticketomaha-api,"Event"
2026-03-28,Sat,7:30 PM,"Seussical JR | Mar. 27-29, 2026",arts,"Omaha Community Playhouse",Omaha,$15,"https://ticketomaha.com/events/seussical-jr-j6ry",ticketomaha-api,"Event"
2026-03-28,Sat,3:00 pm - 6:00 pm,"Midtown Pickle Party, presented by Bloc Fitness",family,"Participating Midtown Crossing Establishments",Midtown Crossing,TBD,"https://www.aksarbenvillage.com/events",aksarben,"Event"
2026-03-28,Sat,11:00AM to 4:00PM,"Springfest at River's Edge",festivals,"Tom Hanafan River's Edge Park",Council Bluffs,TBD,"https://www.unleashcb.com/events/calendar/",unleashcb,"Event"
2026-03-29,Sun,11:00 AM,"Omaha Tattoo Arts Convention",festivals,"CHI Health Center",Omaha,TBD,"https://www.ticketmaster.com/omaha-tattoo-arts-convention-omaha-nebraska-03-29-2026/event/0600643699F29B90",ticketmaster-api,"Event"
2026-03-29,Sun,1:00 PM,"Six (Touring)",arts,"Orpheum Theater - Omaha",Omaha,TBD,"https://www.ticketmaster.com/event/Z7r9jZ1A74fea",ticketmaster-api,"Event"
2026-03-29,Sun,1:00 PM,"Creighton Baseball vs Sacramento State",concerts,"Charles Schwab Field",Omaha,TBD,"https://www.ticketmaster.com/event/Za5ju3rKuqZDvAjoC9V6_F5b6BR87o9Z7S",ticketmaster-api,"Live Music"
2026-03-29,Sun,1:00 PM,"Omaha Softball vs UMKC",concerts,"Connie Claussen Field",Omaha,TBD,"https://www.ticketmaster.com/event/Za5ju3rKuqZB0kEQY-PAGGbxq6j_ldKh7",ticketmaster-api,"Live Music"
2026-03-29,Sun,2:30 PM,"HOT WHEELS SUITE",concerts,"Mid-America Center",Council Bluffs,TBD,"https://www.ticketmaster.com/event/Za5ju3rKuqZDv38_xe2l-2Y5Ts1ouifhRK",ticketmaster-api,"Live Music"
2026-03-29,Sun,5:05 PM,"Omaha Lancers vs. Lincoln Stars",sports,"Liberty First Credit Union Arena",Ralston,TBD,"https://www.ticketmaster.com/event/Z7r9jZ1A7_P4O",ticketmaster-api,"Event"
2026-03-29,Sun,7:30 PM,"Clara Schumann and Brahms | Mar. 27 - 28, 2026",arts,"Holland Center",Omaha,$26,"https://ticketomaha.com/events/clara-schumann-and-brahms-q9t1",ticketomaha-api,"Event"
2026-03-29,Sun,7:30 PM,"Disaster! The Musical| Mar. 13 - Apr. 4, 2026",arts,"Omaha Community Playhouse",Omaha,Free,"https://ticketomaha.com/events/disaster-the-musical-r2l7",ticketomaha-api,"Event"
2026-03-29,Sun,7:30 PM,"SIX",arts,"Orpheum Theater",Omaha,$43,"https://ticketomaha.com/events/six-7jx8",ticketomaha-api,"Event"
2026-03-29,Sun,7:30 PM,"Seussical JR | Mar. 27-29, 2026",arts,"Omaha Community Playhouse",Omaha,$15,"https://ticketomaha.com/events/seussical-jr-j6ry",ticketomaha-api,"Event"
2026-03-29,Sun,11:00AM to 4:00PM,"Springfest at River's Edge",festivals,"Tom Hanafan River's Edge Park",Council Bluffs,TBD,"https://www.unleashcb.com/events/calendar/",unleashcb,"Event"
2026-03-30,Mon,7:30 PM,"GenX Takeover Comedy Tour | Mar. 29, 2026",comedy,"Holland Center",Omaha,$59,"https://ticketomaha.com/events/gen-x-takover-comedy-tour-ns9f",ticketomaha-api,"Comedy"
2026-03-31,Tue,5:00 PM,"Creighton Softball vs Nebraska",concerts,"Creighton Softball Stadium",Omaha,TBD,"https://www.ticketmaster.com/event/Za5ju3rKuqZDvOOP-I5ZaGWhuGc2116Mn3",ticketmaster-api,"Live Music"
2026-03-31,Tue,6:00 PM,"Creighton Baseball vs Nebraska (UNL)",concerts,"Charles Schwab Field",Omaha,TBD,"https://www.ticketmaster.com/event/Za5ju3rKuqZDvQg00BDbW67lxMSlDaj5S5",ticketmaster-api,"Live Music"
2026-03-31,Tue,6:00 PM,"Creighton Bluejays v Nebraska Cornhuskers",sports,"Charles Schwab Field",Omaha,TBD,"https://www.ticketmaster.com/creighton-bluejays-v-nebraska-cornhuskers-omaha-nebraska-03-31-2026/event/060064529C7DD112",ticketmaster-api,"Event"
2026-03-31,Tue,TBD,"Omaha Storm Chasers vs. Buffalo Bisons",sports,"Werner Park",Papillion,TBD,"https://www.ticketmaster.com/event/Z7r9jZ1A7jf0x",ticketmaster-api,"Event"
2026-03-31,Tue,8:00 PM,"bbno$ - The Internet Explorer Tour ",concerts,"Steelhouse Omaha",Omaha,TBD,"https://www.ticketmaster.com/bbno-the-internet-explorer-tour-omaha-nebraska-03-31-2026/event/20006315AD182798",ticketmaster-api,"Live Music"
2026-03-31,Tue,8:00 PM,"runo plum",concerts,"The Slowdown",Omaha,TBD,"https://www.ticketmaster.com/event/Z7r9jZ1A7q0eo",ticketmaster-api,"Live Music"
2026-04-01,Wed,TBD,"Omaha Storm Chasers vs. Buffalo Bisons",sports,"Werner Park",Papillion,TBD,"https://www.ticketmaster.com/event/Z7r9jZ1A7jf0N",ticketmaster-api,"Event"
2026-04-01,Wed,7:00 PM,"LOVB VOLLEYBALL 2026",concerts,"Baxter Arena",Omaha,TBD,"https://www.ticketmaster.com/event/Za5ju3rKuqZBU7kSoAvtdeFucNbfYyPSt",ticketmaster-api,"Live Music"
2026-04-01,Wed,8:00 PM,"Clarion",concerts,"The Slowdown",Omaha,TBD,"https://www.ticketmaster.com/event/Z7r9jZ1A7OPCo",ticketmaster-api,"Live Music"
2026-04-02,Thu,TBD,"Omaha Storm Chasers vs. Buffalo Bisons",sports,"Werner Park",Papillion,TBD,"https://www.ticketmaster.com/event/Z7r9jZ1A7jf00",ticketmaster-api,"Event"
2026-04-02,Thu,5:00 PM,"MEMBER EXCLUSIVE MEET + GREET WITH KAMBUI OLUJIMI",arts,"Bemis Center",Omaha,Members Only,"https://www.bemiscenter.org/events",bemis,"Event"
2026-04-02,Thu,6:00 PM,"IN CONVERSATION WITH KAMBUI OLUJIMI: 2025 REE KANEKO AWARD RECIPIENT",arts,"Bemis Center",Omaha,Free,"https://www.bemiscenter.org/events",bemis,"Event"
2026-04-02,Thu,7:30 PM,"Disaster! The Musical| Mar. 13 - Apr. 4, 2026",arts,"Omaha Community Playhouse",Omaha,Free,"https://ticketomaha.com/events/disaster-the-musical-r2l7",ticketomaha-api,"Event"
2026-04-03,Fri,8:00 AM,"Heartland USA National Duals: Single Day Pass",sports,"Mid-America Center",Council Bluffs,TBD,"https://www.ticketmaster.com/heartland-usa-national-duals-single-day-council-bluffs-iowa-04-03-2026/event/0600643D054AA91E",ticketmaster-api,"Event"
2026-04-03,Fri,TBD,"Omaha Storm Chasers vs. Buffalo Bisons",sports,"Werner Park",Papillion,TBD,"https://www.ticketmaster.com/event/Z7r9jZ1A7jf0P",ticketmaster-api,"Event"
2026-04-03,Fri,7:05 PM,"Omaha Lancers vs. Sioux City Musketeers",sports,"Liberty First Credit Union Arena",Ralston,TBD,"https://www.ticketmaster.com/event/Z7r9jZ1A7_P4-",ticketmaster-api,"Event"
2026-04-03,Fri,7:30 PM,"Disaster! The Musical| Mar. 13 - Apr. 4, 2026",arts,"Omaha Community Playhouse",Omaha,Free,"https://ticketomaha.com/events/disaster-the-musical-r2l7",ticketomaha-api,"Event"
2026-04-04,Sat,8:00 AM,"Heartland USA National Duals: Single Day Pass",sports,"Mid-America Center",Council Bluffs,TBD,"https://www.ticketmaster.com/heartland-usa-national-duals-single-day-council-bluffs-iowa-04-04-2026/event/0600643D054FA928",ticketmaster-api,"Event"
2026-04-04,Sat,TBD,"Omaha Storm Chasers vs. Buffalo Bisons",sports,"Werner Park",Papillion,TBD,"https://www.ticketmaster.com/event/Z7r9jZ1A7jf0J",ticketmaster-api,"Event"
2026-04-04,Sat,7:00 PM,"Devil in the Details",concerts,"The Slowdown",Omaha,TBD,"https://www.ticketmaster.com/event/Z7r9jZ1A7OPC3",ticketmaster-api,"Live Music"
2026-04-04,Sat,7:00 PM,"LOVB VOLLEYBALL 2026",concerts,"Baxter Arena",Omaha,TBD,"https://www.ticketmaster.com/event/Za5ju3rKuqZDeY4dn-shq16574_3K35JdI",ticketmaster-api,"Live Music"
2026-04-04,Sat,TBD,"Omaha Supernovas vs Indy Ignite",sports,"CHI Health Center",Omaha,TBD,"https://www.ticketmaster.com/omaha-supernovas-vs-indy-ignite-omaha-nebraska-04-04-2026/event/0600637ADA00D884",ticketmaster-api,"Event"
2026-04-04,Sat,7:30 PM,"Disaster! The Musical| Mar. 13 - Apr. 4, 2026",arts,"Omaha Community Playhouse",Omaha,Free,"https://ticketomaha.com/events/disaster-the-musical-r2l7",ticketomaha-api,"Event"
2026-04-05,Sun,TBD,"Omaha Storm Chasers vs. Buffalo Bisons",sports,"Werner Park",Papillion,TBD,"https://www.ticketmaster.com/event/Z7r9jZ1A7jf0E",ticketmaster-api,"Event"
2026-04-05,Sun,7:30 PM,"Disaster! The Musical| Mar. 13 - Apr. 4, 2026",arts,"Omaha Community Playhouse",Omaha,Free,"https://ticketomaha.com/events/disaster-the-musical-r2l7",ticketomaha-api,"Event"
2026-04-07,Tue,6:00 PM,"Creighton Softball vs South Dakota",concerts,"Creighton Softball Stadium",Omaha,TBD,"https://www.ticketmaster.com/event/Za5ju3rKuqZDdiFdtavacCvyKZPNIDrdAz",ticketmaster-api,"Live Music"
2026-04-07,Tue,8:00 PM,"TIFFANY - All This Time Tour 2026",concerts,"Barnato",Omaha,Free,"https://www.ticketweb.com/event/tiffany-all-this-barnato-tickets/14152434",ticketmaster-api,"Live Music"
2026-04-08,Wed,6:00 PM,"Creighton Baseball vs North Dakota State",concerts,"Charles Schwab Field",Omaha,TBD,"https://www.ticketmaster.com/event/Za5ju3rKuqZDvWMwRIRHskFhdcdaa6yFcR",ticketmaster-api,"Live Music"
2026-04-09,Thu,8:00 PM,"THE DROPTINES",concerts,"Barnato",Omaha,$27.28–$49.78,"https://www.ticketweb.com/event/the-droptines-barnato-tickets/13995434",ticketmaster-api,"Live Music"
2026-04-09,Thu,8:00 PM,"LIVE @ LOW END | EL KHAT",concerts,"Bemis Center",Omaha,TBD,"https://www.bemiscenter.org/events",bemis,"Live Music"
2026-04-09,Thu,6:00 PM,"LEARN ABOUT DIY INSTRUMENTS WITH EL KHAT",arts,"Bemis Center",Omaha,Free,"https://www.bemiscenter.org/events",bemis,"Event"
2026-04-09,Thu,7:30 PM,"Pat Metheny | Apr. 8, 2026",arts,"Holland Center",Omaha,TBD,"https://ticketomaha.com/events/pat-metheny-13gr",ticketomaha-api,"Event"
2026-04-10,Fri,6:00 PM,"Creighton Baseball vs Seton Hall",concerts,"Charles Schwab Field",Omaha,TBD,"https://www.ticketmaster.com/event/Za5ju3rKuqZDdCGT7mO3Pa45zkzrA5lWN4",ticketmaster-api,"Live Music"
2026-04-10,Fri,6:00 PM,"Creighton Softball vs Georgetown",concerts,"Creighton Softball Stadium",Omaha,TBD,"https://www.ticketmaster.com/event/Za5ju3rKuqZDvrSJhlaN-F1aPe4otjA-fv",ticketmaster-api,"Live Music"
2026-04-10,Fri,6:00 PM,"Omaha Baseball vs. Oral Roberts",concerts,"Tal Anderson Field",Omaha,TBD,"https://www.ticketmaster.com/event/Za5ju3rKuqZB-h8ssvNsdct-AckgYjPLU",ticketmaster-api,"Live Music"
2026-04-10,Fri,7:00 PM,"Omaha Supernovas v Grand Rapids Rise",sports,"CHI Health Center",Omaha,TBD,"https://www.ticketmaster.com/omaha-supernovas-v-grand-rapids-rise-omaha-nebraska-04-10-2026/event/0600637ADA03D889",ticketmaster-api,"Event"
2026-04-10,Fri,8:00 PM,"Fuel (USA)",concerts,"Whiskey Roadhouse-Horseshoe Council Bluffs Casino",Council Bluffs,TBD,"https://www.ticketmaster.com/fuel-usa-council-bluffs-iowa-04-10-2026/event/0600642EAF89CF9D",ticketmaster-api,"Live Music"
2026-04-10,Fri,7:00 PM,"The Life, the Legacy, and the Future of Miles Davis  | Apr. 9, 2026",arts,"North Omaha Music and Arts",Omaha,TBD,"https://ticketomaha.com/events/the-life-the-legacy-and-the-future-of-miles-davis-rpv7",ticketomaha-api,"Event"
2026-04-11,Sat,2:00 PM,"Creighton Baseball vs Seton Hall",concerts,"Charles Schwab Field",Omaha,TBD,"https://www.ticketmaster.com/event/Za5ju3rKuqZDduBBc8PW45shV2oyM95X8X",ticketmaster-api,"Live Music"
2026-04-11,Sat,2:00 PM,"Creighton Softball vs Georgetown",concerts,"Creighton Softball Stadium",Omaha,TBD,"https://www.ticketmaster.com/event/Za5ju3rKuqZDvrk15jUxqFkDfVOHk9y3I8",ticketmaster-api,"Live Music"
2026-04-11,Sat,6:00 PM,"Omaha Baseball vs. Oral Roberts",concerts,"Tal Anderson Field",Omaha,TBD,"https://www.ticketmaster.com/event/Za5ju3rKuqZDeJqjtBFYaCmyf1pV1kKJP3",ticketmaster-api,"Live Music"
2026-04-11,Sat,7:00 PM,"Brandon Lake Ticket + Hotel Deals",concerts,"CHI Health Center",Omaha,TBD,"https://www.ticketmaster.com/event/06006281E12B970A",ticketmaster-api,"Live Music"
2026-04-11,Sat,7:00 PM,"Brandon Lake - King of Hearts Tour",concerts,"CHI Health Center",Omaha,TBD,"https://www.ticketmaster.com/brandon-lake-king-of-hearts-tour-omaha-nebraska-04-11-2026/event/06006281E12B970A",ticketmaster-api,"Live Music"
2026-04-11,Sat,8:00 PM,"GOOD NEIGHBOURS",concerts,"Barnato",Omaha,$33.28–$143.28,"https://www.ticketweb.com/event/good-neighbours-barnato-tickets/14057554",ticketmaster-api,"Live Music"
2026-04-11,Sat,7:30 PM,"Vanessa Collier | Apr. 10, 2026",arts,"Holland Music Club",Omaha,$34,"https://ticketomaha.com/events/vanessa-collier-fr7q",ticketomaha-api,"Event"
2026-04-11,Sat,7:30 PM,"Double Feature: A Culture Talk on Film | Apr. 10, 2026",arts,"Culxr House",Omaha,TBD,"https://ticketomaha.com/events/double-feature-a-culture-talk-on-film-f2jq-f2jq",ticketomaha-api,"Event"
2026-04-11,Sat,4:00 PM,"Breakdancing Master Class with B-Boy Crumbs  - Apr. 11, 2026",arts,"Tenaska Center",Omaha,TBD,"https://ticketomaha.com/events/breakdancing-master-class-with-b-boy-crumbs-zt64",ticketomaha-api,"Event"
2026-04-11,Sat,9:30 AM,"Broadway Choreography Workshop with Ray Mercer | Apr. 11, 2026",family,"Tenaska Center",Omaha,TBD,"https://ticketomaha.com/events/musical-theater-master-class-with-ray-mercer-ngtf",ticketomaha-api,"Event"
2026-04-11,Sat,10:30 AM,"Broadway Camp Sampler with Q. Smith  - Apr. 11, 2026",family,"Tenaska Ctr-Hamann Family Hall",Omaha,TBD,"https://ticketomaha.com/events/broadway-camp-sampler-with-q-smith-86ns",ticketomaha-api,"Event"
2026-04-11,Sat,3:00 PM,"Broadway Audition Master Class with Q. Smith - Apr. 11, 2026",arts,"Tenaska Ctr - Rehearsal Hall C",Omaha,TBD,"https://ticketomaha.com/events/broadway-audition-master-class-with-q-smith-blpd",ticketomaha-api,"Event"
2026-04-11,Sat,10:30 AM,"Accessible Theater Workshop - Apr. 11, 2026",family,"Tenaska Ctr - Schott Classroom",Omaha,TBD,"https://ticketomaha.com/events/accessible-theater-workshop-twdc",ticketomaha-api,"Event"
2026-04-11,Sat,12:00 PM,"Spring Fling Market",family,"The Blackstone District",Blackstone District,TBD,"https://www.blackstonedistrict.com/blackstone-calendar-events-omaha",blackstone,"Event"
2026-04-12,Sun,11:00 AM,"Creighton Baseball vs Seton Hall",concerts,"Charles Schwab Field",Omaha,TBD,"https://www.ticketmaster.com/event/Za5ju3rKuqZB_TnVPP_-A9QXD6E_98AWv",ticketmaster-api,"Live Music"
2026-04-12,Sun,12:00 PM,"Creighton Softball vs Georgetown",concerts,"Creighton Softball Stadium",Omaha,TBD,"https://www.ticketmaster.com/event/Za5ju3rKuqZDetOkdiMj45O_p_XPSWdWb2",ticketmaster-api,"Live Music"
2026-04-12,Sun,1:00 PM,"Omaha Baseball vs. Oral Roberts",concerts,"Tal Anderson Field",Omaha,TBD,"https://www.ticketmaster.com/event/Za5ju3rKuqZDdRy_2Yqz_kxIdfoWPc5vbl",ticketmaster-api,"Live Music"
2026-04-12,Sun,4:00 PM,"Omaha Supernovas v Dallas Pulse",sports,"CHI Health Center",Omaha,TBD,"https://www.ticketmaster.com/omaha-supernovas-v-dallas-pulse-omaha-nebraska-04-12-2026/event/0600637ADA08D893",ticketmaster-api,"Event"
2026-04-12,Sun,7:30 PM,"Let’s Groove Tonight | Apr. 11 - 12, 2026",arts,"Holland Center",Omaha,$26,"https://ticketomaha.com/events/let-s-groove-tonight-motown-and-the-philly-sound-ntvf",ticketomaha-api,"Event"
2026-04-12,Sun,7:30 PM,"Unlimited Miles | Apr. 11, 2026",arts,"Orpheum Theater",Omaha,$26,"https://ticketomaha.com/events/unlimited-miles-t84c",ticketomaha-api,"Event"
2026-04-12,Sun,2:00 PM,"Dr. Seuss’s The Cat in the Hat | Apr. 12, 2026",arts,"Orpheum Theater",Omaha,$26,"https://ticketomaha.com/events/dr-seuss-s-the-cat-in-the-hat-live-on-stage-6qcb",ticketomaha-api,"Event"
2026-04-12,Sun,7:00 PM,"Hip Hop Lab Block Party | Apr. 11, 2026",concerts,"Tenaska Center",Omaha,TBD,"https://ticketomaha.com/events/hip-hop-lab-block-party-6crb",ticketomaha-api,"Hip-Hop"
2026-04-12,Sun,7:30 PM,"Bit Brigade Performs ""Mega Man X"" LIVE — Apr. 11, 2026 ",arts,"Holland Music Club",Omaha,$34,"https://ticketomaha.com/events/bit-brigade-7kc8",ticketomaha-api,"Event"
2026-04-13,Mon,7:00 PM,"INSANE CLOWN POSSE",concerts,"The Admiral",Omaha,$49.50–$75,"https://admiralomaha.com/events/",admiral,"Live Music"
2026-04-14,Tue,TBD,"Omaha Storm Chasers vs. Indianapolis Indians",sports,"Werner Park",Papillion,TBD,"https://www.ticketmaster.com/event/Z7r9jZ1A7jf0I",ticketmaster-api,"Event"
2026-04-14,Tue,8:00 PM,"Dance With The Dead w/ Magic Sword",concerts,"The Slowdown",Omaha,TBD,"https://www.ticketmaster.com/event/Z7r9jZ1A7OSoe",ticketmaster-api,"Live Music"
2026-04-15,Wed,TBD,"Omaha Storm Chasers vs. Indianapolis Indians",sports,"Werner Park",Papillion,TBD,"https://www.ticketmaster.com/event/Z7r9jZ1A7jf0t",ticketmaster-api,"Event"
2026-04-15,Wed,8:00 PM,"Stomach Book",concerts,"The Slowdown",Omaha,TBD,"https://www.ticketmaster.com/event/Z7r9jZ1A7OPCK",ticketmaster-api,"Live Music"
2026-04-16,Thu,TBD,"Omaha Storm Chasers vs. Indianapolis Indians",sports,"Werner Park",Papillion,TBD,"https://www.ticketmaster.com/event/Z7r9jZ1A7jf0Y",ticketmaster-api,"Event"
2026-04-16,Thu,8:00 PM,"LIVE @ LOW END | RILEY MULHERKAR",concerts,"Bemis Center",Omaha,TBD,"https://www.bemiscenter.org/events",bemis,"Live Music"
2026-04-16,Thu,7:00 PM,"CURATOR-LED TOUR WITH RACHEL ADAMS",arts,"Bemis Center",Omaha,Free,"https://www.bemiscenter.org/events",bemis,"Event"
2026-04-17,Fri,6:00 PM,"Creighton Spring Volleyball vs Nebraska",concerts,"Ryan Center/DJ Sokol Arena",Omaha,TBD,"https://www.ticketmaster.com/event/Za5ju3rKuqZBXmqgULpPGq5qFDh6pb8bk",ticketmaster-api,"Live Music"
2026-04-17,Fri,6:00 PM,"Omaha Softball vs SDSU",concerts,"Connie Claussen Field",Omaha,TBD,"https://www.ticketmaster.com/event/Za5ju3rKuqZDd8PPRS1M-5RzBGO0LQw4a8",ticketmaster-api,"Live Music"
2026-04-17,Fri,TBD,"Omaha Storm Chasers vs. Indianapolis Indians",sports,"Werner Park",Papillion,TBD,"https://www.ticketmaster.com/event/Z7r9jZ1A7jf0s",ticketmaster-api,"Event"
2026-04-17,Fri,8:00 PM,"Ned LeDoux",concerts,"Whiskey Roadhouse-Horseshoe Council Bluffs Casino",Council Bluffs,TBD,"https://www.ticketmaster.com/ned-ledoux-council-bluffs-iowa-04-17-2026/event/0600642EADDABB4A",ticketmaster-api,"Live Music"
2026-04-17,Fri,8:30 PM,"William Basinski",concerts,"The Slowdown",Omaha,TBD,"https://www.ticketmaster.com/event/Z7r9jZ1A7OPCf",ticketmaster-api,"Live Music"
2026-04-18,Sat,6:00 PM,"Omaha Softball vs SDSU",concerts,"Connie Claussen Field",Omaha,TBD,"https://www.ticketmaster.com/event/Za5ju3rKuqZDvcSsgrG9_ajlCIP98MsW5k",ticketmaster-api,"Live Music"
2026-04-18,Sat,TBD,"Omaha Storm Chasers vs. Indianapolis Indians",sports,"Werner Park",Papillion,TBD,"https://www.ticketmaster.com/event/Z7r9jZ1A7jf0V",ticketmaster-api,"Event"
2026-04-18,Sat,7:30 PM,"American Midwest Ballet: A Midsummer Night's Dream",arts,"Orpheum Theater - Omaha",Omaha,TBD,"https://www.ticketmaster.com/event/Z7r9jZ1A7Oxkp",ticketmaster-api,"Event"
2026-04-18,Sat,8:00 PM,"Max McNown - The Cost of Growing Up Tour",concerts,"Steelhouse Omaha",Omaha,TBD,"https://www.ticketmaster.com/max-mcnown-the-cost-of-growing-omaha-nebraska-04-18-2026/event/20006358C6023395",ticketmaster-api,"Live Music"
2026-04-18,Sat,8:00 PM,"Pre-Show Happy Hour: Max McNown - Not A Concert Ticket*",festivals,"Steelhouse Omaha",Omaha,TBD,"https://www.ticketmaster.com/preshow-happy-hour-max-mcnown-not-omaha-nebraska-04-18-2026/event/2000635B94972F9A",ticketmaster-api,"Event"
2026-04-18,Sat,8:00 PM,"Hank Azaria and the EZ Street Band Ticket + Hotel Deals",concerts,"Whiskey Roadhouse-Horseshoe Council Bluffs Casino",Council Bluffs,TBD,"https://www.ticketmaster.com/event/vv17bZ_7GknmG_DF",ticketmaster-api,"Live Music"
2026-04-18,Sat,9:00 AM - 2:00 PM,"Party for the Planet",family,"Henry Doorly Zoo",Omaha,TBD,"https://www.omahazoo.com/special-events",zoo,"Event"
2026-04-18,Sat,7:30 PM,"Dial ""M"" for Murder | Apr. 17 - May 10, 2026",arts,"Omaha Community Playhouse",Omaha,Free,"https://ticketomaha.com/events/dial-m-for-murder-df19",ticketomaha-api,"Event"
2026-04-18,Sat,12:00 PM,"Infinite Belonging | Apr. 15-18, 2026",arts,"Ticket Omaha",Omaha,Free,"https://ticketomaha.com/events/infinite-belonging-d2g9",ticketomaha-api,"Event"
2026-04-18,Sat,8:00 PM,"Jo Koy - Apr. 17, 2026",arts,"Holland Center",Omaha,$46,"https://ticketomaha.com/events/jo-koy-rmg7",ticketomaha-api,"Event"
2026-04-19,Sun,1:00 PM,"Omaha Softball vs SDSU",concerts,"Connie Claussen Field",Omaha,TBD,"https://www.ticketmaster.com/event/Za5ju3rKuqZBnQcvsxMukl_eI3hIJwR5m",ticketmaster-api,"Live Music"
2026-04-19,Sun,2:00 PM,"American Midwest Ballet: A Midsummer Night's Dream",arts,"Orpheum Theater - Omaha",Omaha,TBD,"https://www.ticketmaster.com/event/Z7r9jZ1A7Oxk9",ticketmaster-api,"Event"
2026-04-19,Sun,TBD,"Omaha Storm Chasers vs. Indianapolis Indians",sports,"Werner Park",Papillion,TBD,"https://www.ticketmaster.com/event/Z7r9jZ1A7jf0g",ticketmaster-api,"Event"
2026-04-19,Sun,2:00 PM,"Mozart & Dvořák | Apr. 19 2026",arts,"Witherspoon Theater",Omaha,$47,"https://ticketomaha.com/events/mozart-and-dvorak-fc1q",ticketomaha-api,"Event"
2026-04-19,Sun,7:30 PM,"Dial ""M"" for Murder | Apr. 17 - May 10, 2026",arts,"Omaha Community Playhouse",Omaha,Free,"https://ticketomaha.com/events/dial-m-for-murder-df19",ticketomaha-api,"Event"
2026-04-19,Sun,7:30 PM,"A Midsummer Night's Dream | Apr. 18-19, 2026",arts,"Orpheum Theater",Omaha,$35,"https://ticketomaha.com/events/a-midsummer-night-s-dream-n8df",ticketomaha-api,"Event"
2026-04-19,Sun,11:00 AM - 1:00 PM,"Mini Masquerade",family,"Hoff Family Arts & Culture Center",Council Bluffs, IA,family packages (up to 5): members $15, non-members $25; individual $5,"https://www.paceartsiowa.org/events",paceevents,"Event"
2026-04-20,Mon,7:00 PM,"Lorna Shore",concerts,"Steelhouse Omaha",Omaha,TBD,"https://www.ticketmaster.com/lorna-shore-omaha-nebraska-04-20-2026/event/2000642DAAFF2A67",ticketmaster-api,"Live Music"
2026-04-20,Mon,7:30 PM,"Thursday w/ Chris Conley",concerts,"The Slowdown",Omaha,TBD,"https://www.ticketmaster.com/event/Z7r9jZ1A7OSod",ticketmaster-api,"Live Music"
2026-04-21,Tue,6:00 PM,"Omaha Softball vs Nebraska",concerts,"Connie Claussen Field",Omaha,TBD,"https://www.ticketmaster.com/event/Za5ju3rKuqZDvF0Wi7qu_ech3OUbO7ayil",ticketmaster-api,"Live Music"
2026-04-21,Tue,8:00 PM,"The Psychology of Serial Killers",arts,"The Astro",La Vista,Starting at $30.60,"https://www.ticketmaster.com/the-psychology-of-serial-killers-la-vista-nebraska-04-21-2026/event/2000642ECC633EC1",ticketmaster-api,"Event"
2026-04-22,Wed,6:00 PM,"Omaha Baseball vs. Creighton",concerts,"Tal Anderson Field",Omaha,TBD,"https://www.ticketmaster.com/event/Za5ju3rKuqZDvbW-B0votZdQgQZ2ZzjBvA",ticketmaster-api,"Live Music"
2026-04-22,Wed,8:00 PM,"Stephen Wilson Jr. - Gary The Torch Tour",concerts,"Steelhouse Omaha",Omaha,TBD,"https://www.ticketmaster.com/stephen-wilson-jr-gary-the-torch-omaha-nebraska-04-22-2026/event/20006365DAB95713",ticketmaster-api,"Live Music"
2026-04-22,Wed,8:00 PM,"PAUL GILBERT",concerts,"Barnato",Omaha,$27.28–$49.78,"https://www.ticketweb.com/event/paul-gilbert-barnato-tickets/13995494",ticketmaster-api,"Live Music"